Number,Address,Memo,Balance,Type
1,TAg8tdcJttbD9AXAEzcQjdHM99s1SAKJuN,-,0,-
2,TXFFuujk8wkKeMmQginrWD2WaiL7JhRLQ9,-,0,-
3,TJ43H3nAG1MgvEzjTGwWSrQEYMfwsbtsSa,-,0,-
4,TW1Cq1CL3qJyXTzzEZ4bXVrGB1v57WEiLM,-,0,-
5,TJXGWGp8PtJqdgHtpR94v7BKRTTBpT6L16,-,0,-
6,TPpAJVeDThb2T3guGkbxY1qDFmhBR7DVbZ,-,0,-
7,THTCPy7wW4J36ZwuhRpjVBC7UPFYvyZ93a,-,0,-
8,TBnSktQEv9uKUyHexFaAvGzgXPY22ihd96,-,0,-
9,TSLwqA9Jgq3mxtdjgp1jntSYuRPsmYsgWn,-,0,-
10,TBCKsSRZVi2JvFdqkLiE61d4jWrmHEviP9,-,0,-
11,TVQSAqKaLw8WV4qtVNEmZ344sF7XGSLJzY,-,0,-
12,TNufTnPZ6JbPcDwisWYPd3KQGCE2iQMKWz,-,0,-
13,TEMjzWYkoQPKB54Yt4hQN5skfuWL6XfRwf,-,0,-
14,TCQcaKkTj7DP9iWbXpHsamsknqfe2Nqu5R,-,0,-
15,TFXzZjj1PsRMpz6mtJASzv1NMhrpjFgSPy,-,0,-
16,TQiNFAY61M2AkXjxxpVuWXZBj4cfgTET5R,-,0,-
17,TUXDNx2rnB61pBuLSsYnTecNmsxHZGPrpa,-,0,-
18,TVpYyVkUBn4ees4x2Z819u8kuQG3C3sUiY,-,0,-
19,THWa6ciCRXEJ5JvjKSwJAYm1AL1NcVC6uM,-,0,-
20,TEywcsywn43sfUHrC6fzpfEu7S26TFpN9b,-,0,-
21,TWmDyhPeoKURtzdapYJuw3HZStt46t6SGc,-,0,-
22,TTZ39mMht1kKHNU3hMkibmqzaJM9di3xjt,-,0,-
23,TDMsY8us77j2GjbRoL9kKHPV6qjuSSahbG,-,0,-
24,TWrTapnrj8hG8uiFBfsPZpNWhZSBqrVxQH,-,0,-
25,TBtSUaJUvGLAJwB6b4fB2K8QppNfu8P7wh,-,0,-
26,TSvYUpYk3dgHMBbordR79dreDLZsvkTrAB,-,0,-
27,TFvdqcto8ohGNN3L17jtisRwqYSmicteCr,-,0,-
28,TXTT1zfJZUoycE8MJEuFJ2Nu18En93WG7D,-,0,-
29,TUiVBgpaVRrX5NzYihsW8q1BkSJzAV92Kk,-,0,-
30,TNv9YQMbQd4riUtSxKHJw7s8P51SpzfQLe,-,0,-
31,TBK8F9pb6w15ULLJ1KJaXRBrZxSF4VF6d2,-,0,-
32,TDY13eYw5YJCpAHkzA2eQnqobqKrjMdC9z,-,0,-
33,TQo5Vc9sqZfmmNpdwub4Fs1x5K8FRPNdBX,-,0,-
34,TE6TypuZcfevHjhwRbRwdbiFe8NNHzuV3q,-,0,-
35,TB8gvTrZjQyE2awySDVfxeRhUrPcKV4RaB,-,0,-
36,TCBYpYSbq7LRqCwLFRdENFkKrtfmMG4XkH,-,0,-
37,TSK9yTUqrp8oZnAiwAFRBCTYNa8VuZuKAo,-,0,-
38,TYZA5gZCj6foA656e5vgCFYamdTsKaUDsH,-,0,-
39,TSgERiMUsuYHGuxJACrTYF5PpemZFjW6oD,-,0,-
40,TJ9ufkeQttNPzQLH5YgHhsAWP76f34163X,-,0,-
41,TT79EVVQ7ZcXx5AwQuuvdwm2Pk1qix8XRW,-,0,-
42,TQYtQvkK6ji8qH5EdiqkUJUxJmULG1DbNu,-,0,-
43,TCrePKfcFZqnW6FbdoGBv8AskZxYg2R7ri,-,0,-
44,TCqzuSNJE5rTbCsAykYiedf7FfggxJBTpS,-,0,-
45,TRtyUYf2rmMg5b3Qht9QH9GhorrAMPAfUj,-,0,-
46,TRSG9VNR9NL9N7HbEPSNCv3jQPJxt2qR7D,-,0,-
47,TYvASVwKxRBMKGBJskMrPPeCL9kHXTkV9P,-,0,-
48,TVMhVkKFdnVMdnEuM1XbTPWc8T58WJham4,-,0,-
49,TAxHWv48GKXicuL7bC7nQyjQaN5eGWmxiM,-,0,-
50,TMf7dK62qBW3Yzh6ar83DVGCHqGeY4j4EP,-,0,-
51,TWF9Co4t8qe17Lf34Pdypy9YGTuCsAfCHb,-,0,-
52,TB4uhZJsoGHezJkNzcLgJAPHMhh3v5JSkf,-,0,-
53,TUAYBzT3GRUSqywTEsTtWr1MMiyirRAJJX,-,0,-
54,TQf8NrZ7gCnYZUpbRxGod5AUy8wsdNuTHR,-,0,-
55,TEVHMQyo2Y3YUxohG5QTBLSi9ophNfqHMQ,-,0,-
56,TM3y6nBQc7HYQnFS7kohDVvyHUS7xi8sDh,-,0,-
57,TAqauNrq6PAX5XyRxk2BZYNynEDNu8Rs59,-,0,-
58,TSWriUoJ8tAWBjLpYUGN7uPKVDghxnP8hy,-,0,-
59,TQtewtonNeEbY3ty7KY5YcRnEuX4H4n9ad,-,0,-
60,TQQ8AbLuGD3LGzQU4P7FJrZ5DPeV8V3uP9,-,0,-
61,TEE8P3HQMUfB9nx9bBtUrAxZiqdAsh3tNL,-,0,-
62,TS96BdaAu8sCUTN5ssqJzNffB2gqsJgeCu,-,0,-
63,TSuPYPVPjQULYSFxDc2spDafdFcdsroygA,-,0,-
64,TZ4JxPsztXDiyjsuf7Wg6k3rEC2M92PfAv,-,0,-
65,TEsNVkBQ4gCzE3BeekW1NbEShqWVzinmxg,-,0,-
66,TSmgHdfDFmAfJSsEfVDeXGS8tBoeYhvapr,-,0,-
67,TQuWP5ow92YCkeZyEHpnxvgk1N7kG3W7AJ,-,0,-
68,TUaP2FsaUcNzRGfFDsXyCiGPvjr7TvWtAP,-,0,-
69,TBEP11KCzHDWqhMypAMCPT7crqyBhN95bT,-,0,-
70,TFmL7kJ51w6LNrAVNVpwUHsdgeaxvkbgdf,-,0,-
71,TNX6DpqYFiQ67tSXL4ACrKAVFZMnbRpDLL,-,0,-
72,TJ6cDWbtSTera6C5YUEEw9A9a8zbdsJCyg,-,0,-
73,TFA3FnAXJDCgh2x5rJs8YWDPDCzjJr1kau,-,0,-
74,TDxU2KrPps3LynDKwgtbk2JfFN4dYt32eX,-,0,-
75,TZGkpnDZv3yK8jxemyqzZRbNaCK5WJJYrk,-,0,-
76,TCsKpRVQ5s2ppgMcgp5YdL7zQcbkbxt6g2,-,0,-
77,TGczj76rLYqyNo4X7DvpvZGtQ767JB41hi,-,0,-
78,TQFfwYwkra7q5AgNn1c7pcJL8Nadn9eggB,-,0,-
79,TXNgUQnrVPQxaYy1X7pHzwqDJD8a3gvCR7,-,0,-
80,TXAE22MewepBkphjHHYSAxZJfEKCHAkccM,-,0,-
81,TCc8Cc7dwybJcTR7w16RWFzCnHWJ8dskG1,-,0,-
82,TPsMLbMP7MFAfb5f8AJERQkGoUcMWxBYYT,-,0,-
83,TATm98NUmVMYrZTBgAPPzMDLrDfybAsakU,-,0,-
84,THig5Q2mmBdveUY2LUWAvRbnu4CViQL9Tv,-,0,-
85,TWrFn4A81aqfWG8SXKDQ2kQiRuzB9ugsXj,-,0,-
86,TYB1CR1xM2pWRfpVG4Jt7BwBktYFvyvQRM,-,0,-
87,TK7hzkTPNpgcm1XKqwyDtWpfrnhmEp8Zmm,-,0,-
88,TEn4CnuEhbE5oJZ9zYPkZjDUooPZftNtez,-,0,-
89,TSwME9tSjTjpvHD1Rhh6ivHFfbXr4pU1sz,-,0,-
90,TGjpCFp5waBwr3oxNjmFawuCxnmPpP5ntb,-,0,-
91,TRg4iR8FYBVWbBM8BJnqMPBVrHRJbo5Z7s,-,0,-
92,TB6Nt82ukEBuSdjPvsSri4rG4JPvKa8WP2,-,0,-
93,TDVWAgDLotP65pC1VMgH11JbqvQRvcUWKi,-,0,-
94,TPe5V7KnNESYxv4myuwrTMs2aCXfrNQALE,-,0,-
95,TQRzkgjcFj88bCiG6KvPkNoUQR1sCDhKcZ,-,0,-
96,T9zdx6j53YY9jNPrYgS88bj5s6Yxos6Auf,-,0,-
97,TPpi3BPU9kCZL8YfFhgCcr22okKMM4G9yG,-,0,-
98,TSU8FZxAc6ydNfzik6Mc3oyxrzagMH6iQi,-,0,-
99,TJaFvFY7DoXocdAAokmvZ5xyTMbAvquiWA,-,0,-
100,TLWXZcnopW7X1LGQrPEghAQYa9iLkK6VC6,-,0,-
101,TNAF2fTR4YamnPQM2NECL28z5gMmyqMuzg,-,0,-
102,TP9J3nQGQaBoPSBvrBAR2HHyY1MyUc3uH1,-,0,-
103,TNgDLrLQodteGyJiHfnTdDZfFv5f386yTU,-,0.5,-
104,TX2pvM6RmxAcNx2UjepozTmWHLSfmtscwA,-,0,-
105,TM8UHRQfdPhCnN35PFE8SvMCkiVcqKQB8K,-,0,-
106,TMJLB2sqdf75MjCfupN6DLFfjqB55KnxkY,-,0,-
107,TVQ6NfzSn53Apz5zx3Hzr3KSLvYyeegWFn,-,0,-
108,TX1TWqA5txkZsksKb91yNwLwwXABJrEAgU,-,0,-
109,THtGt5jydzHbLR2gVCB5y8mYGGVNvMkV1X,-,0,-
110,TC6nNboXzLKw8hfRA9xJARNzRNJYyqP1TZ,-,0,-
111,TUbWM1G6QnjCBfif6hVmJJvKSooBKph5Dn,测试新地址01,18.5,-
112,TWaTBz3rScoR1GWxC631XMzmPzc5zrzGUh,-,1,-